{"cameraMode":{"drawMode":0,"name":"Shaded","section":"Shading Mode"},"sceneLighting":true,"audioPlay":false,"sceneViewState":{"m_AlwaysRefresh":false,"showFog":true,"showSkybox":true,"showFlares":true,"showImageEffects":true,"showParticleSystems":true,"showVisualEffectGraphs":true,"m_FxEnabled":true},"in2DMode":false,"pivot":{"x":-1.7988253831863404,"y":1.217205286026001,"z":0.11126024276018143},"rotation":{"x":-0.028804050758481027,"y":-0.011397494934499264,"z":0.00032944008125923574,"w":-0.9995232224464417},"size":6.217780590057373,"orthographic":true}